{"lr": 0.01, "data_time": 0.0004509925842285156, "loss": 1.3068024873733521, "time": 0.3057148218154907, "epoch": 1, "memory": 2947, "step": 50}
{"accuracy/top1": 57.96875, "data_time": 0.9090919733047486, "time": 1.004266119003296, "step": 1}
{"lr": 0.01, "data_time": 0.00045082569122314455, "loss": 1.4079166293144225, "time": 0.31636025905609133, "epoch": 2, "memory": 2947, "step": 146}
{"accuracy/top1": 69.375, "data_time": 0.005207016354515439, "time": 0.09357680593218122, "step": 2}
{"lr": 0.01, "data_time": 0.00041196346282958987, "loss": 1.1087202996015548, "time": 0.34998464584350586, "epoch": 3, "memory": 2947, "step": 242}
{"accuracy/top1": 70.78125, "data_time": 0.004680894670032319, "time": 0.11686924525669642, "step": 3}
{"lr": 0.01, "data_time": 0.0004147529602050781, "loss": 1.0465047478675842, "time": 0.4011084079742432, "epoch": 4, "memory": 2947, "step": 338}
{"accuracy/top1": 76.25, "data_time": 0.0045842102595738, "time": 0.11641520545596168, "step": 4}
{"lr": 0.01, "data_time": 0.00040063858032226565, "loss": 0.8195006668567657, "time": 0.3056579828262329, "epoch": 5, "memory": 2947, "step": 434}
{"accuracy/top1": 80.15625, "data_time": 0.005953482219151088, "time": 0.11014370691208612, "step": 5}
{"lr": 0.01, "data_time": 0.0004565715789794922, "loss": 0.9156026542186737, "time": 0.3966848373413086, "epoch": 6, "memory": 2947, "step": 530}
{"accuracy/top1": 81.71875, "data_time": 0.004925398599533807, "time": 0.09594011306762695, "step": 6}
{"lr": 0.01, "data_time": 0.00010015964508056641, "loss": 0.5473666384816169, "time": 0.2989091396331787, "epoch": 7, "memory": 2947, "step": 626}
{"accuracy/top1": 82.1875, "data_time": 0.004611526216779437, "time": 0.09652991521926153, "step": 7}
{"lr": 0.01, "data_time": 0.0007022142410278321, "loss": 0.4543156623840332, "time": 0.2493920087814331, "epoch": 8, "memory": 2947, "step": 722}
{"accuracy/top1": 87.5, "data_time": 0.005474226815359933, "time": 0.08244308971223377, "step": 8}
{"lr": 0.01, "data_time": 0.0005133390426635742, "loss": 0.6186669439077377, "time": 0.42626094818115234, "epoch": 9, "memory": 2947, "step": 818}
{"accuracy/top1": 85.9375, "data_time": 0.005140963054838635, "time": 0.11076431047348749, "step": 9}
{"lr": 0.01, "data_time": 0.0005076646804809571, "loss": 0.42688999474048617, "time": 0.3823863983154297, "epoch": 10, "memory": 2947, "step": 914}
{"accuracy/top1": 83.28125, "data_time": 0.0058225904192243305, "time": 0.11441701934451148, "step": 10}
