{"lr": 0.009998886215193948, "data_time": 0.002527594566345215, "loss": 0.15002774447202682, "decode.loss_ce": 0.10488994419574738, "decode.acc_seg": 26.8585205078125, "aux.loss_ce": 0.045137797792752586, "aux.acc_seg": 21.5362548828125, "time": 1.4337103366851807, "memory": 3284, "step": 6}
{"lr": 0.00997794446709763, "data_time": 0.0023156404495239258, "loss": 0.07232174985110759, "decode.loss_ce": 0.04985087066888809, "decode.acc_seg": 84.1522216796875, "aux.loss_ce": 0.022470879647880793, "aux.acc_seg": 80.04150390625, "time": 0.392338228225708, "memory": 3201, "step": 100}
{"lr": 0.009955660594668054, "data_time": 0.0027334213256835936, "loss": 0.07227210365235806, "decode.loss_ce": 0.05003009289503098, "decode.acc_seg": 79.45556640625, "aux.loss_ce": 0.02224200973287225, "aux.acc_seg": 60.9649658203125, "time": 0.46059958934783934, "memory": 3201, "step": 200}
{"lr": 0.009933371122565919, "data_time": 0.0026419639587402345, "loss": 0.05848761424422264, "decode.loss_ce": 0.04039693847298622, "decode.acc_seg": 84.124755859375, "aux.loss_ce": 0.018090675957500933, "aux.acc_seg": 85.9527587890625, "time": 0.4473435640335083, "memory": 3201, "step": 300}
{"lr": 0.009911076035273796, "data_time": 0.0020969390869140627, "loss": 0.06895385198295116, "decode.loss_ce": 0.04943893663585186, "decode.acc_seg": 84.405517578125, "aux.loss_ce": 0.01951491478830576, "aux.acc_seg": 81.0577392578125, "time": 0.4387303113937378, "memory": 3201, "step": 400}
{"aAcc": 80.98, "mIoU": 33.54, "mAcc": 39.31, "data_time": 0.27960345961830835, "time": 1.1802147085016423, "step": 400}
{"lr": 0.0098887753171919, "data_time": 0.002346301078796387, "loss": 0.05648246966302395, "decode.loss_ce": 0.04036049544811249, "decode.acc_seg": 75.1953125, "aux.loss_ce": 0.016121973283588886, "aux.acc_seg": 74.40185546875, "time": 0.35467894077301027, "memory": 3201, "step": 500}
{"lr": 0.009866468952637547, "data_time": 0.002534961700439453, "loss": 0.053081740625202656, "decode.loss_ce": 0.03733719363808632, "decode.acc_seg": 79.803466796875, "aux.loss_ce": 0.015744546707719565, "aux.acc_seg": 83.4259033203125, "time": 0.4041131496429443, "memory": 3201, "step": 600}
{"lr": 0.009844156925844432, "data_time": 0.0024309158325195312, "loss": 0.04567748121917248, "decode.loss_ce": 0.032444235682487485, "decode.acc_seg": 90.740966796875, "aux.loss_ce": 0.01323324553668499, "aux.acc_seg": 90.2801513671875, "time": 0.38080906867980957, "memory": 3201, "step": 700}
{"lr": 0.009821839220962003, "data_time": 0.002670574188232422, "loss": 0.041194497235119344, "decode.loss_ce": 0.0280558779835701, "decode.acc_seg": 80.38330078125, "aux.loss_ce": 0.01313861906528473, "aux.acc_seg": 79.8065185546875, "time": 0.45208909511566164, "memory": 3201, "step": 800}
{"aAcc": 78.39, "mIoU": 37.76, "mAcc": 45.89, "data_time": 0.004829049110412598, "time": 0.2881558934847514, "step": 800}
{"lr": 0.009799515822054777, "data_time": 0.002541065216064453, "loss": 0.04105781987309456, "decode.loss_ce": 0.028594161756336688, "decode.acc_seg": 90.2923583984375, "aux.loss_ce": 0.012463657977059483, "aux.acc_seg": 89.66064453125, "time": 0.44974076747894287, "memory": 3201, "step": 900}
{"lr": 0.00977718671310168, "data_time": 0.002573585510253906, "loss": 0.04481530245393515, "decode.loss_ce": 0.03150616995990276, "decode.acc_seg": 76.544189453125, "aux.loss_ce": 0.013309132354333997, "aux.acc_seg": 76.4678955078125, "time": 0.45593483448028566, "memory": 3201, "step": 1000}
{"lr": 0.009754851877995354, "data_time": 0.002775263786315918, "loss": 0.03711787573993206, "decode.loss_ce": 0.025501460023224353, "decode.acc_seg": 92.4224853515625, "aux.loss_ce": 0.011616415018215776, "aux.acc_seg": 91.6046142578125, "time": 0.45287840366363524, "memory": 3201, "step": 1100}
{"lr": 0.009732511300541468, "data_time": 0.0025834560394287108, "loss": 0.04928632155060768, "decode.loss_ce": 0.03488792683929205, "decode.acc_seg": 88.09814453125, "aux.loss_ce": 0.014398395176976919, "aux.acc_seg": 87.90283203125, "time": 0.5402480840682984, "memory": 3201, "step": 1200}
{"aAcc": 87.83, "mIoU": 47.22, "mAcc": 52.89, "data_time": 0.004923919836680095, "time": 0.28984548648198444, "step": 1200}
{"lr": 0.009710164964458045, "data_time": 0.0021790504455566407, "loss": 0.040119100175797937, "decode.loss_ce": 0.02883289586752653, "decode.acc_seg": 74.0325927734375, "aux.loss_ce": 0.011286203796043993, "aux.acc_seg": 72.943115234375, "time": 0.4978079080581665, "memory": 3201, "step": 1300}
{"lr": 0.009687812853374727, "data_time": 0.0027170896530151365, "loss": 0.04523020032793283, "decode.loss_ce": 0.03191630095243454, "decode.acc_seg": 73.0682373046875, "aux.loss_ce": 0.013313899282366037, "aux.acc_seg": 73.8861083984375, "time": 0.5135294198989868, "memory": 3201, "step": 1400}
{"lr": 0.009665454950832103, "data_time": 0.0023765087127685545, "loss": 0.050773130357265474, "decode.loss_ce": 0.03578407214954495, "decode.acc_seg": 73.9166259765625, "aux.loss_ce": 0.014989058207720517, "aux.acc_seg": 70.0592041015625, "time": 0.5116047859191895, "memory": 3201, "step": 1500}
{"lr": 0.009643091240280942, "data_time": 0.002619767189025879, "loss": 0.04464111998677254, "decode.loss_ce": 0.030971566587686537, "decode.acc_seg": 85.3759765625, "aux.loss_ce": 0.01366955330595374, "aux.acc_seg": 85.36376953125, "time": 0.5050158262252807, "memory": 3201, "step": 1600}
{"aAcc": 85.96, "mIoU": 45.66, "mAcc": 51.5, "data_time": 0.00465931495030721, "time": 0.30254419644673664, "step": 1600}
{"lr": 0.009620721705081534, "data_time": 0.0026233911514282225, "loss": 0.04838323518633843, "decode.loss_ce": 0.034479928016662595, "decode.acc_seg": 67.8131103515625, "aux.loss_ce": 0.013903307262808084, "aux.acc_seg": 67.5201416015625, "time": 0.5111916542053223, "memory": 3201, "step": 1700}
{"lr": 0.009598346328502901, "data_time": 0.002243304252624512, "loss": 0.03747323025017977, "decode.loss_ce": 0.02667821794748306, "decode.acc_seg": 85.09521484375, "aux.loss_ce": 0.01079501248896122, "aux.acc_seg": 82.3883056640625, "time": 0.4176990509033203, "memory": 3201, "step": 1800}
{"lr": 0.009575965093722064, "data_time": 0.0028475284576416015, "loss": 0.035439915396273135, "decode.loss_ce": 0.025062042847275735, "decode.acc_seg": 87.1612548828125, "aux.loss_ce": 0.010377872874960304, "aux.acc_seg": 87.548828125, "time": 0.4142754077911377, "memory": 3201, "step": 1900}
{"lr": 0.009553577983823325, "data_time": 0.0025679826736450194, "loss": 0.037619789317250255, "decode.loss_ce": 0.026777214370667934, "decode.acc_seg": 83.0078125, "aux.loss_ce": 0.01084257522597909, "aux.acc_seg": 78.466796875, "time": 0.4984354257583618, "memory": 3201, "step": 2000}
{"aAcc": 83.37, "mIoU": 42.95, "mAcc": 50.28, "data_time": 0.004846751689910889, "time": 0.3066894809405009, "step": 2000}
{"lr": 0.0095311849817975, "data_time": 0.0026511192321777345, "loss": 0.03731085564941168, "decode.loss_ce": 0.026075494941323996, "decode.acc_seg": 82.50732421875, "aux.loss_ce": 0.011235360382124781, "aux.acc_seg": 82.623291015625, "time": 0.4975733280181885, "memory": 3201, "step": 2100}
{"lr": 0.009508786070541123, "data_time": 0.002516818046569824, "loss": 0.03784103915095329, "decode.loss_ce": 0.02630131961777806, "decode.acc_seg": 94.5556640625, "aux.loss_ce": 0.011539718974381686, "aux.acc_seg": 94.6533203125, "time": 0.46148386001586916, "memory": 3201, "step": 2200}
{"lr": 0.009486381232855704, "data_time": 0.0026076078414916993, "loss": 0.03900524880737066, "decode.loss_ce": 0.027523763477802277, "decode.acc_seg": 82.073974609375, "aux.loss_ce": 0.011481484957039356, "aux.acc_seg": 83.941650390625, "time": 0.48219904899597166, "memory": 3201, "step": 2300}
{"lr": 0.009463970451446941, "data_time": 0.0024806976318359373, "loss": 0.03331813290715217, "decode.loss_ce": 0.023830723017454147, "decode.acc_seg": 84.844970703125, "aux.loss_ce": 0.009487409377470613, "aux.acc_seg": 90.008544921875, "time": 0.49228317737579347, "memory": 3201, "step": 2400}
{"aAcc": 85.82, "mIoU": 46.76,